44.86618505,37.0325052956
20.5004538603,40.6839478672
33.5520607962,24.8320661241
3.30087490619,22.6353284326
48.5842998373,27.9809108654
31.7866004974,32.8659786205
23.9835857518,28.1981545424
-8.40304954084,23.7751272767
5.25453223103,24.7380364399
35.6789591368,25.2617721359
41.8232958838,21.5738438693
34.4318011284,22.726880381
22.258779934,39.0052085353
-13.4204398511,-23.8235816594
42.655614917,17.5203173505
29.0815380574,31.808246182
7.88172781783,51.2044109243
39.852085538,10.4582867535
4.14262549844,47.7434097384
10.0400678196,68.8269273973
-24.7041669085,26.6093868158
4.88886092369,70.4040454864
15.1528013243,71.6820598079
-36.3647567741,-58.7529104647
-48.4154278954,25.5545688986
-1.74181235393,-95.9624437381
40.3030115205,15.8972250919
27.1151902986,27.4273319484
20.3256715566,40.3050138272
58.9942435748,31.5956634032
61.1416775038,35.0745051632
-15.6418964012,-87.2912718709
44.8774514036,34.4976850323
48.9520844406,34.3110240865
46.5264566317,33.6034097147
44.2041353207,37.2230285522
30.804227962,22.2635889497
29.0422030021,31.6914862434
48.4083439757,35.7383810735
44.97512402,36.5170877581
42.741248323,33.7474434353
1.05168507481,45.2443793962
-4.18784467464,32.0706331427
3.86756970267,44.9752096998
48.8034312156,34.8207237147
13.8565349269,59.8212481862
40.515173414,20.2517485827
-15.6299244834,54.0883682697
-9.12767140917,-74.6657207718
11.0331790915,71.2838064295
-54.4062115746,5.13397938926
14.4778188446,71.7367299801
5.2048021916,70.1819861115
-11.9287091455,-82.1975143004
-10.2290309364,5.59888535554
-32.2892421428,39.7055263307
4.5670704892,47.5066829364
22.4639774057,19.7562454548
14.0488424688,59.2822275567
-0.353826946397,49.9773786218
4.77281359646,49.2418938785
13.2238379424,45.5933347294
20.1609856277,39.4397877065
31.3490977323,22.6839813379
-4.95708746909,22.8950660285
11.8510944625,33.9182864342
49.0636398591,28.7530311408
-21.9321579167,-31.3082133401
42.80434382,35.7621603686
46.2298557731,35.6822561757
-26.0461893079,32.1393363585
50.4405197082,46.7468970099
41.4298089347,20.8469768924
49.8042034661,33.229992043
-14.8938905924,70.3658933584
-70.6861332602,-1.56116413575
-19.3922984819,71.546789654
-21.0823458316,70.9180572541
-35.7275718714,51.4495823739
-39.3846795859,41.8940226264
-21.713762201,65.9261843187
-22.418517748,61.9051066111
-68.8241691142,-3.99855665559
-19.7610029005,-87.9280699332
46.0998770161,16.9350077491
-34.565703029,27.0618314541
1.8063814743,64.5089878544
-79.2315403774,1.06703128188
0.255977149542,46.3050468038
-71.1227430113,-2.34997408527
8.18152042772,77.4606475819
26.9488282283,29.0682956084
32.6742492168,30.8702273873
-52.1233025536,2.47370118486
-21.9291651959,65.1245734166
11.0127680894,48.4215405196
-3.35859961137,21.6711997409
-19.4245049168,72.2124539173
-24.5685272108,66.8905112767
-53.3049749385,31.3298267621
-15.054654495,-30.4864663572
-3.53389916855,38.7174505708
40.8706371164,9.93253828069
52.7242761516,51.2717355926
-36.96395207,45.4687617357
-23.0993123244,60.8982912926
14.5628544457,62.4544441268
-25.69290335,31.2513335784
-11.4031471985,-17.1060238295
-36.7576617266,37.4231467458
-12.7545400393,53.4361475153
-47.8375963986,26.8462177385
57.277426812,8.79117464891
-1.78379707085,50.074635341
59.9651022127,32.4606218191
-20.6751734527,71.4935440662
-14.8849466388,69.9109729668
36.5113797007,34.1839707407
48.1209357781,53.4368428821
-68.4494607311,5.36165015595
-33.8477829618,57.7712616787
10.9608325006,43.164560378
18.7149547246,39.476058906
27.3407969548,30.1153504986
-36.4505265867,49.3532148785
28.0215121632,30.8190745532
48.6263349671,47.9135484508
39.9002608823,37.5498460392
0.987101954094,48.4600104172
-67.842528345,-3.1691477548
-4.88106689208,21.9848556645
-37.0447360066,67.8480907987
48.1395604727,53.393218465
57.9829997948,8.79439083762
37.6608992835,41.1352690094
-35.2170104636,28.2388874312
29.3803205005,-23.8603365305
-18.3330791813,71.2855215519
1.02909922992,21.0860062794
-2.31151230621,9.79068714498
-36.6660503089,49.0649766794
36.7330665054,34.4406163538
-12.8776479362,58.3419281047
-20.7576521379,35.9202624478
-16.0727631263,79.6554364089
-57.6125078714,31.7025206404
-22.8305885988,61.4423281156
-66.7623615563,11.6197140306
-15.5940761967,77.4119557583
-15.4132035922,48.4936861191
-15.9475526791,77.8070610625
65.1141501805,11.5965722761
-56.8901422593,33.9259975469
-66.9088458514,23.5731247855
-58.3927303562,31.5487760166
-22.6296636951,66.854185439
53.7038123346,46.5970296017
-29.5828961738,36.9277432926
57.4114896223,44.32705589
-64.349996627,30.3249578161
44.7450007135,48.7717488395
-62.5878170528,34.9135057598
-58.4088770307,34.3262340994
-39.2718656655,38.7331220745
-53.3860413053,3.4082232905
-63.5148612188,33.4168405447
-58.5722048431,33.224769146
62.7721277152,10.8306083079
-16.6302113303,78.1826521331
46.7079866281,50.4013654359
47.1159483634,50.3876477444
-32.8507747869,66.8590984478
-57.2837684219,30.2894068453
38.4550128068,43.4725966323
29.2916113061,41.8628292054
-15.7757907489,79.2465349989
-58.9933593477,30.7609056509
-34.7182513655,68.3840534047
-12.6386731923,55.0815017641
-58.7617990081,29.8641410646
-23.2633790246,68.9718830927
-65.0157577821,29.9795031033
-60.9714025394,34.4194710648
-34.7876831711,62.1139813357
31.8520566117,55.9731285345
-33.4150341086,62.7892629018
-58.2850999983,30.7815980798
-15.9694622204,76.6501697128
-55.4963225974,34.6482723296
-7.25356903309,39.7968743028
-53.0037792414,35.6303882731
-75.1691960883,1.81075812018
64.3564333345,14.3463294297
-60.165300244,15.045181952
-16.1348936765,55.4111703379
-39.2869634985,43.4698630291
-52.3855285575,36.3926270853
-50.7317479747,30.2422073629
66.1670834846,13.6337177303
-28.3470563378,66.5458446347
-14.5363951496,78.5879407847
-14.3855811967,47.9713632206
-23.8047843476,65.951508226
-35.1404905106,67.3901374348
-60.2152817238,33.4602403377
-64.4526239914,28.9687588283
42.3497116813,31.1138835587
22.2131187196,17.388975992
15.5507052363,60.4153067063
41.1270122829,24.521121455
-20.4426276375,72.6439276376
-18.8826352493,-15.9670527852
-7.96529670414,-88.5457292656
11.7941824979,71.8967124606
67.0749006894,34.5939761167
62.3725913502,32.726153857
51.1306631192,31.0088861949
-35.4521733603,68.8506607131
22.7600092911,44.0974461374
8.3338513952,43.3750799724
-21.8140106811,-31.5400028691
42.5467789467,17.9399938241
1.57372664727,18.4672605506
-31.8765078862,-48.9987411141
-22.6003649686,33.8861064375
18.1820946718,-15.2783992475
-37.1670956276,68.7978195058
7.90863491771,49.1536031471
-30.805600399,-49.0407467138
-30.4323767332,67.8507187838
24.3186580757,-7.27929338695
36.0658497595,17.8159907902
27.610147297,-64.1653394859
22.7953401701,44.6748979539
32.2861992071,18.9247875501
41.8268159323,22.8766711084
42.1956421867,23.4730622386
30.6661388509,20.9479164244
-61.9586841289,28.3406191257
40.2378667426,37.5627098527
-16.6931925116,-35.5608306038
44.3588372601,29.6706674331
-70.1264497329,6.32591052275
-60.1841504598,25.5567468662
-30.3720870961,66.3805438701
48.6362889143,28.0567520201
-63.8004252082,32.5810056613
-64.879017048,26.2320050099
-64.6265624362,32.4061823414
22.5795939809,30.5731655266
-62.2047216878,8.21291575161
25.6336615922,32.1181513979
38.8365275616,41.9187201463
-44.0523706924,32.7270398835
7.59090058037,53.3731986932
41.1053443668,41.9970428027
11.7606956255,46.3795546697
18.0028899258,41.547955931
0.0781777602292,51.8065149273
23.536712987,26.4240330042
-63.3553348514,26.534186639
-58.9324243858,26.2570428677
-6.34824207133,37.3775418377
-8.44833075099,39.1789679654
68.2031168282,-0.668993730761
-73.9846027039,3.78206806744
-61.1593496258,14.5319477232
-61.6792637776,26.1477668445
-49.3366584404,34.5470937097
-59.0156582806,34.745400649
68.6497081476,-3.88252087201
-63.422874725,32.1953014263
-48.6636815476,34.9067273541
-49.7907844609,34.5458579583
-60.0058988743,13.6047391057
67.7318806093,-1.47206409277
-47.4435513071,35.2197472574
17.8651783652,41.4783656687
-47.3722544577,35.215440095
62.300023494,2.07571453086
-5.81845432624,42.3249510975
-6.36452673584,38.5532339774
-6.10602053723,41.8617969808
-52.6334968642,34.5595923213
-63.2161962766,7.70359167638
-50.8682210093,35.8419521759
-78.4279159343,4.596470822
25.5163180481,-3.99190618041
-56.8705769697,27.2562993635
-67.8102989292,-4.26313950094
-1.53049011517,39.54644528
-8.8805285084,38.9048948835
-7.85854553051,38.0046461072
-1.38513210924,31.2124851998
20.1266737733,37.9763482759
-43.8519022518,32.761718884
-52.2837329794,36.948703947
26.4340581149,-25.3154193323
28.2161980775,35.24168727
-66.0483547945,26.4533004484
22.6241849312,31.4036415684
25.485486643,-4.09226801275
-3.25610432497,51.3374410864
28.1440150917,35.2860626818
23.6250021299,26.4940633673
-56.5091566639,27.7977352528
-77.4836046686,3.51482165555
-5.67403568027,37.7510559669
-4.41117958091,37.9303627075
-51.5825593162,35.8922342124
-6.97448017028,39.5594396452
-4.42070812477,38.462234809
-64.8335646211,27.8074436396
-60.736239168,26.174608483
-4.71150531182,2.34419738619
-11.9058793842,20.4748913922
-1.21003535713,20.9116319973
-28.7688720896,56.8446801917
-18.677923998,69.5679695672
39.2816839934,10.142686326
-14.219871342,-89.3654410865
-2.90275306133,8.00269564285
-21.3933030347,-33.6101818205
-31.3361772974,20.3249645489
-19.6229159459,-32.9148748535
49.1263188262,36.0668488573
-44.0328847244,4.54889239506
-6.91830972602,-67.2393959906
-35.9572832273,-60.2733754325
-12.4497822025,-23.5243866702
-13.7352005099,-86.4191103473
-14.7376125907,-88.4927201985
1.59058074728,17.8438552838
-2.94549209644,3.71266682491
-12.0857213957,-23.7197956506
-22.5357741443,-17.9160129483
51.759361729,30.864032592
-5.45958680002,-36.3774482116
-15.2692649279,-33.0825135679
24.9145276244,-22.6261145328
17.7713847776,-19.5680217287
33.2586816207,-22.7607782227
42.6901711506,17.4105210505
-56.5098035694,7.81209568135
-1.33461876452,13.7820373239
-4.19884738146,6.56675959198
-0.173342126541,21.0243623137
-0.286945876573,54.1781055813
-70.3071319897,4.83026223267
-3.31231573015,31.0056718906
-11.5993116726,51.3285247391
7.84701744725,48.6165566448
-3.46983485157,12.5315925633
-65.3309644762,25.3751026536
53.9468144391,-3.41858510179
-21.346855478,10.249247411
-67.0306267014,25.1045253038
55.6806701911,-3.7198264765
-23.9605082214,-2.60776618313
-3.19648142322,13.697840622
60.8433640756,34.4586581852
-54.4379618969,6.20164466242
9.58814057566,-18.2805620692
-4.32849274216,14.2683939859
-5.75098392209,16.1183350511
-11.6609624961,19.796975175
-25.4571802728,-15.682189723
-40.3296806541,45.0099504867
-3.60384791647,11.8067970715
-13.5487836369,54.4399432152
-11.4790014074,17.664876621
9.37487023384,68.6340104282
-25.2966638421,36.9819829044
-4.01753146035,15.5326609618
1.3496964956,52.7743569274
-10.6781526266,51.826667832
-26.1015085694,33.0611664959
-31.5941821455,31.8502282543
13.2877143247,59.8138574298
-14.9752716643,-90.7109883305
-34.3783997973,54.1697938693
-6.62440268848,66.7242449167
-34.1649531509,41.326108863
-8.73049654997,-96.3619684729
-24.940749055,-49.4003872197
-15.9431364472,9.04817289339
-12.34554315,56.6754860954
11.1482671704,47.2677558562
8.67808480815,53.7642714167
60.1891745787,-13.0118595787
-24.7093249817,36.5069443291
6.19228242153,68.7344067797
17.8565325092,-12.9995045188
-28.4309805471,40.0008825927
-11.8467116106,-67.7880110407
10.1676495716,51.8679788264
10.8992474481,51.0846705284
-29.83073305,-54.8154387107
1.96365141351,61.8453838271
-20.8059406977,-87.9773139581
-21.8954778548,62.9915186657
-0.296389998543,53.8718770361
22.4597317615,9.26939895437
-55.3056575952,8.4808223686
-31.454979502,40.9434948198
4.87016336541,50.3862221098
-1.23526208149,52.6198045258
-35.3725590664,43.0908073746
-17.5640545562,24.49614264
-11.1810593014,-95.6240932308
10.6081968696,73.1387254809
-66.318008875,11.0848222135
-65.967937228,10.5690719841
-39.6939589206,38.6636110658
-30.2302192057,36.2073160155
-12.168707807,28.2687740727
-1.55085510667,14.4605687536
-24.5334953668,51.9293459542
-60.1042418751,11.9119551929
16.1575782982,63.2222344649
17.5392801886,49.2695505237
-25.181945804,25.358233368
-53.085605296,2.60499672936
7.52782564057,81.9054312734
58.8703710576,-13.3556199456
-9.85552590767,5.56102061076
-14.051409801,47.5754539023
-31.2275479375,58.3847496527
-46.2256399505,26.6720644401
8.95280798593,81.6405185087
-2.51048701108,12.0708656298
-30.2677729698,57.415099747
-1.60956403726,10.8751189934
-6.7919847657,50.3755436028
-22.1992615774,69.6480744846
-13.7393848504,59.3068394857
-35.5644055975,58.0749058744
-39.0492682991,48.0110883009
-18.5633851308,70.2076001234
-52.8464864559,31.1809361371
-37.492474112,47.0574941385
-30.1868485972,59.5298555381
-30.1633408783,38.7765084581
4.69744416876,50.5913997929
6.2567794873,53.0541675088
14.6291865762,63.394626987
-35.126244689,32.9671485182
18.7387216316,-16.0344338932
-15.1513336044,-62.8875816078
8.3332921079,80.1804132861
-34.5127955442,52.5237106806
-11.0394522215,-99.8922424304
-22.0710032867,66.8604580182
-71.5762860664,-2.70393042859
58.4043530765,-5.66778512474
-13.2803778311,27.0807123286
-6.80267627177,-22.6988689398
52.5316266461,-5.24245094448
-17.0642294197,-71.0389309963
22.2426490417,41.9263798581
-3.61832190719,40.6678656544
32.6392171199,30.3979430918
-5.75044440515,18.470796491
-9.63590934549,9.20739958414
-7.18767028374,65.8851434944
-14.4672132973,0.900928466912
7.54582067291,50.6237168961
62.0271584265,1.46921690501
-60.832791649,23.8317271644
-22.0344984465,-34.1417084564
39.4183463082,36.0948687956
-19.2237124765,5.55770189813
-27.5671554881,-49.9831894887
-17.4179079701,-33.2191961436
42.5556564462,-72.0821823174
-27.4375089453,-10.9719065764
40.8753110205,66.3307424474
-54.636752664,-60.0427940239
-28.4969657353,-11.1642215728
21.0127591069,-15.8116808249
52.2494124355,-4.28056433985
57.2549388399,-6.364247884
-30.7894889707,-56.608497196
23.6935648153,-26.6009348669
30.4948742458,-38.8278595804
70.7093637488,-9.94203948685
-27.361771893,-45.1741879427
-28.7779208165,-52.7065369323
-14.107365116,-38.6662349582
-39.1533623602,-46.1860707696
-19.0903581898,-38.5875089275
32.7417810079,-32.1793591054
31.9523831411,-35.9577115618
-36.6298376824,-44.2603686464
64.9602130396,-0.918315176271
52.3690250449,-6.861639919
44.1097297223,-55.9972877918
33.3940109436,-38.0669267503
3.7844664086,69.9857380053
37.0297925375,-23.5921177638
-65.8688991615,-2.77788733898
72.3812805394,-20.1483895992
50.8628148251,-10.4028669823
59.5271561537,-18.467462977
33.7411975819,-29.5227822346
31.4242302049,-32.5459524906
-21.4976951106,-3.7912564682
-47.5190604694,4.82424287694
-30.8327253728,-7.85431437175
-34.5429122586,-56.9871670443
6.47499789253,52.9248491974
39.7551332851,66.2020903779
-6.38060080346,-103.285544653
43.7323538334,-20.9762011057
77.4740448628,-21.9932608682
48.9162071145,-19.2489132609
-28.7842893675,-45.1505283372
69.9990454949,-6.95884706604
-18.4765984316,-36.4433498624
-18.8281998672,-70.574201458
-14.2356417569,-37.4919725125
28.1261289174,-62.3868411452
-8.3781628543,-66.3514654195
-30.8881495714,-58.8804572618
40.9414205654,-62.5660397159
-12.3413345819,-12.4407465875
-26.360386379,-59.7747243076
-39.6276223918,-46.5961587783
-76.3090051606,-1.21698556024
40.1751056703,66.329767187
-51.0718252829,37.0082313748
-13.9603683354,-32.9221705927
25.6237147605,-4.8202730227
29.7518658861,-19.9096006321
22.8647703419,-26.0758132492
-25.7700167693,-49.9482908571
40.4449229298,66.4782511945
-13.3048248321,-23.1635513272
-5.24035017176,-25.1336642246
-54.7226006897,-58.8510877204
-12.490856926,-4.78486227226
31.9754748168,-37.0120632217
40.5457921391,-56.4787877973
-21.3656475166,-64.6703650316
-33.9508047165,-46.9790755951
40.1170498787,-64.7710121495
30.5939222397,-35.4209075462
-4.82479638636,-41.2337227849
-74.6973045262,-1.96456992991
24.5382703127,-6.17995036488
33.9640566541,-60.8636814042
-6.34669182931,-11.2768183093
-10.9522673465,-20.1759662
-15.1765471306,-69.6014424641
49.8031095717,-10.3278432021
33.5228562589,-25.6503853912
-5.04257588805,-38.8809172243
44.7366435579,-20.4497667915
36.1469766295,-23.8892139425
65.9247557099,-1.37213771795
29.7836410898,-19.8525304796
63.1699546736,-12.04453928
-3.84882287103,-38.7683269764
42.440452429,-21.3814780202
72.5974876733,-19.3686494852
-7.66411776159,-39.5413339107
33.1580534566,-35.7353973532
-72.1210113639,4.55702620444
22.292031421,-26.6473518363
-68.9932330202,-3.14075967984
-31.9760582328,31.0964620352
-62.0933709647,6.12743072875
-4.91255569629,-39.7745445865
30.3184955714,-35.7641159865
-28.9399919014,-45.0193809929
39.0138995979,65.9914462028
24.8242576741,-24.4701881267
33.6677317788,-32.6087473075
30.6615825617,-33.456643221
-73.9581154334,-0.0482730591056
24.8470756293,-23.6395271572
42.1067258309,-63.0237345695
15.3920672571,-17.3300292175
14.3772553368,-9.1460460746
-74.4000184526,-2.07935053696
62.4130522557,-15.2120959819
-65.3167466718,-2.80366147617
-12.3001687194,-10.8714650255
50.2447587867,-18.2947558967
-5.98059939006,17.6106355857
-20.4898657471,-34.6808918406
-14.8663041218,-38.2846694218
-4.11108271909,-22.8595626477
-11.2034544553,-18.6739433387
-10.4565264468,-18.5016735977
33.7532752077,-9.70885866662
-27.7583526528,34.8332968111
-78.5599326556,0.0632933478242
-6.01332765707,-30.902529281
21.1716380077,-10.5693012279
-18.488514094,7.91286349068
5.2598436096,46.2352710781
-8.37687356539,47.9203176589
-3.12026212344,-38.5917717551
13.8423110318,36.7275675242
-58.8764126234,6.68065968154
-24.0604522338,-4.8555851984
-8.08963680739,6.22038077623
50.7264907969,49.0187687566
29.4980190857,-8.88514111532
-29.7469951509,59.846750791
23.1776329513,-14.2706550831
-2.95067217314,-95.3810547999
16.6047431257,-9.876203022
10.1584718707,-17.0598244735
-50.5011275944,30.1048697837
-11.4154913948,-10.2814519387
9.36312995332,30.9815252734
21.2936112839,-12.6421071373
30.4168910128,-9.60528091341
-5.78174788032,-24.6216078456
-31.8982383034,29.862917041
67.4905041354,-2.71417665789
-10.9250529725,-18.070637404
46.0948985823,38.7591696089
17.7551418517,-10.6477929494
33.4231884997,-31.8576568
-67.8871904204,22.4848969514
19.5380753377,-10.9595384004
15.8727474244,-9.12338934248
-5.66736101769,-40.446180722
45.6211356292,-20.2268258044
-31.3346014724,31.1446652926
8.1318193039,21.4151726593
-8.06057854147,48.2277563232
15.7231030453,62.7042369394
4.22727150654,-35.4773784508
-16.2420198842,-36.7453124004
9.90640436889,-17.8694966348
-13.9316182126,19.9919917411
7.50914771447,82.9772168393
-17.0557791121,23.295204536
5.0255050161,-35.4895735218
3.37986344665,-20.4610087206
30.1941532577,18.9049928882
42.5310450644,-16.1451037207
-19.7934217465,2.06219604411
-40.4122457278,33.1025954979
-35.9581196053,43.9340715418
-34.0548070916,-17.3240758107
-6.79763963626,2.21162170126
41.4956008195,-22.5045554239
42.7762925481,-20.4110526451
-26.6687946111,31.1078021971
39.1443301607,-12.7336094178
71.4585282172,-18.8918075115
62.0264476134,-12.6722723065
-7.42134383144,15.856742824
0.652482801585,-33.0799130638
2.61980750832,-36.0451241061
2.62981924351,-101.411189715
8.57751888869,78.1461429291
-24.4995934521,25.8418976913
-9.44631830044,-79.0112784938
-7.60402148592,24.4068092354
-3.71241184609,-37.9785200105
51.8504138486,-3.61330889373
27.6790274058,19.5721346597
-36.4170363437,36.7636599272
19.2616581093,48.4559325712
32.4136103296,-25.8558571672
-0.525076446661,-7.13329377722
26.3527375896,-8.54919915608
-33.0656930002,-43.3869587115
-4.95399244253,8.16025233656
15.5813743275,-6.27971103087
-5.81808500111,22.5194254812
-58.3316751982,24.5569157343
7.90825584204,42.0616242832
-35.7367474154,65.1774153043
1.97403825621,-32.1113270322
51.8440456774,50.2327552587
36.0002721531,-10.9115760685
24.6068112234,-26.7532306556
4.96803558831,24.1828417076
31.7989627195,-24.3836786107
-37.6853798913,31.939162099
-39.6236125993,33.0697211701
-10.1251215626,19.7672807679
-7.60587367269,19.6342083008
-51.8921247951,33.9068860542
-12.5957805627,52.0793095156
-20.5460792435,23.3347033324
-7.31287460315,-26.010357167
-64.1956138027,31.4106370138
33.2701460546,-64.7812411383
-69.9869629123,-1.4448168363
36.3983988657,-11.262739918
-10.6828213925,18.4039562983
-71.0971461028,4.58924546654
-18.4401863999,7.2625254579
24.4983999266,20.6422934783
-35.7243116597,-14.4246969448
21.9604819223,-7.99321513221
-22.835342008,-18.3542899063
64.8303417748,-0.753256826126
28.6217727742,30.0343014506
-33.9380409029,43.682631126
-48.030723533,0.381504886815
-26.3412445481,-49.4614411121
50.2394132392,-8.12300295256
-24.7100262811,-59.8316356983
16.6051763602,-14.347321117
-31.6997339206,-8.22361314857
35.6201418494,-66.2524359875
32.426082185,-64.7592087005
28.7194917263,-62.3274484976
-13.563362939,28.8591241077
-32.0374914949,-13.6303902208
-63.9144330526,29.644197573
15.0954858178,-16.6403887829
-9.03585579099,18.3566274717
-59.9497645943,5.42362029389
-3.39599867985,9.62109727985
8.09390626051,75.3839982945
-3.81092483491,4.33755465884
-10.5032906949,0.244775491846
-6.69543325733,-34.0788101293
15.9812274765,39.1014613287
9.02693117171,45.8130963008
-18.129061998,-66.3562866367
43.8129862162,30.0205167704
39.511694035,-16.118055097
-53.7455385049,2.35400416791
2.19772550798,23.6538974832
70.5801364484,-18.0762994019
-8.76041875668,19.4231732273
30.6020168798,-20.6253835393
33.5545770637,29.4732219164
-78.2677507189,2.43005851404
72.1819737528,-17.8787061973
57.6726135295,-16.0291589585
-46.5024809975,9.33714552429
-3.49585080624,48.1067589603
43.5562422799,30.2361633145
-9.35833022349,-23.9520876919
-8.48103313716,-35.7995461218
-14.2769643959,-6.49444651851
-39.3414655149,40.8319958914
40.6464065835,-17.8014840866
13.910485566,-8.94422772133
34.049216597,-60.8125828781
-16.6123639347,-33.834855582
37.996880513,-11.5888272787
3.99708707516,-36.5145555979
2.06577216118,-31.6206518008
-11.658419927,11.3599751975
-22.2137171001,26.0517847874
12.6672872458,45.0964072411
72.499743232,-16.5493711727
3.36587231489,-36.4171494442
-20.6866732076,21.5233507029
-8.56261925527,50.0836309476
16.0575691277,41.8404648872
-5.16409297774,32.3149096365
9.82247142822,74.4308823202
21.3665902523,16.184975874
-59.9926225374,10.247334232
-4.93930092484,4.29282380665
-10.9853025105,10.8839514772
-4.72564465142,-34.6922458808
25.7912187817,-15.7826536068
4.31768066897,-28.9312891167
9.7971526269,30.305288641
2.21640132445,-20.3595498409
38.312917469,-12.3621571081
32.1933225821,-25.0290481478
32.0880407932,33.7908813271
-2.20620547546,28.7861084903
11.5765184241,-18.1169692836
1.42700319154,-21.3499733963
-11.6562456594,3.75129282054
28.3646933393,-64.3931247137
-4.11925664345,-40.1071109309
-33.897222028,43.0790280273
28.6208483928,-36.3640916839
-33.0741348689,-15.3918516853
40.3827173835,-22.8965388948
52.1661637272,-8.93609636106
-5.57316572126,-41.4113347076
7.65237161638,28.0691759428
4.58197526341,-37.2636971362
45.8007482001,38.8678122236
-20.5745071794,4.37797599348
-15.2372758197,24.782890036
-16.4628753361,-32.0785817656
-19.0372815452,9.93517590075
30.49764902,-23.5830449874
11.6881393992,39.0482666596
-3.58583603955,5.14312390788
32.1767892345,-35.0282953083
-10.176870978,1.4118946589
-61.4333667769,4.37396835743
-45.5624550958,6.27592755917
8.46695616952,82.4339703078
22.7468304132,17.5415255531
4.62429210998,23.677148081
-20.8308164829,22.0654394226
-61.8147088691,24.9474235332
26.157926403,-25.6947714191
26.1572556591,-7.97203962623
7.88068009579,41.7706534762
-2.89263984125,30.6763335432
-51.0827661849,-0.456597452194
28.2447587417,-37.2257575112
61.689064061,15.3202326656
-14.9703137266,-8.08234105116
-7.42066474923,24.7111616281
20.9281962026,16.8191202894
-6.54198245967,-40.0117136591
35.3423849756,32.9148447536
-12.4476251526,-32.2035924632
-16.0113454617,7.82365782253
37.2346296275,-14.756796177
42.9254020877,-14.5306445493
-9.5919088377,10.5895612843
15.501701867,-9.01254959352
-3.87133091486,48.9538694978
65.7750062489,-13.4847584047
-27.3776770029,35.0852960878
-35.5449476564,-11.6772898516
-13.7542748587,26.4564466523
-28.4282803666,-12.92265072
66.8937142563,-0.905437273604
-9.37290496138,-65.9718244419
-14.9069423408,-35.9072353541
1.24465322142,-102.624168485
34.0134444609,28.9590374412
-15.8992649532,-34.1425586211
22.7927074402,16.0670136918
-18.8579798762,-8.37937098724
-16.8276993788,-0.70007776937
-60.2149321818,6.49547472575
-63.0270618327,25.3297041486
50.6775532526,-10.2512897463
-30.8884044898,-60.6079382351
23.3357124844,22.510148095
-38.7503897229,37.3373976491
13.7170539448,63.8080675169
-13.50681022,28.8562672233
-4.91338648416,-29.1768473575
2.68201249843,-36.3423640889
39.612291134,-60.5254777022
58.5397662813,-14.3217902219
-4.1843484715,-8.94441491966
0.709240163464,-37.3638046741
0.691829746187,-30.6391650069
38.4628972981,-62.8422048024
42.8725016295,-68.5140504333
31.2888459367,-25.1753182985
-30.7478308999,-9.79859913575
23.8266027597,-15.1090935303
2.20294328176,-30.3149557041
22.3284426049,-15.5908844693
39.2647045773,-23.4413936168
39.9881666956,-74.0179042846
55.2870385885,-16.8255788613
-20.3543612602,6.37584226236
-8.50163519715,51.7739791124
32.2444252649,-11.554146826
39.6828416848,-58.4284347834
-16.6723695563,49.2505785672
5.64992000359,73.4599662873
18.6139922028,48.4133870654
43.6027473881,-22.0314188358
-5.2395455745,-100.037770534
-16.825728567,7.94071952965
-67.6216172849,23.104022888
-77.2482298073,-0.0356987140982
16.3493369056,-7.27786941795
-12.2843590685,11.0117971047
21.7718815771,14.3269669174
64.8648545432,31.5434144565
-34.6373590272,42.438687487
53.3420715352,-17.6552984376
-22.1894672982,3.67637478062
-30.780792672,-5.321398024
-25.3767574713,27.6555580815
6.64510589375,42.1936708093
-9.72128804812,-0.867296725222
-5.94263848366,-96.2701778899
1.27343959486,-37.0988258662
-8.00552885714,-28.2152557458
14.9850361491,62.8970904887
23.6223836658,-27.4919811144
34.1581065576,-63.692484178
-21.2411415431,1.79032674668
-13.9329125797,-0.284803338282
42.8640223718,-16.8567798658
53.2274243689,-9.29775215905
20.2934832843,-12.9702761968
3.30129896956,20.9182283311
41.0102425674,42.0285046294
32.164161112,-10.4800552644
-31.1154825548,-8.87563363297
4.92962544337,71.733566328
-76.6084658676,4.62745436007
-51.3261994426,34.1568121568
-7.17905679259,-24.3592955169
7.87784393697,69.7837402775
-8.71474468529,-78.4076590171
43.7633044765,-19.5912014011
30.2112929863,-61.9595733018
28.7908102688,-6.73750154291
22.445421909,-7.70268095339
-21.0039961045,74.8160505085
-36.1320965943,-12.5514326545
-0.141844566961,-100.990469899
33.5135204484,-36.8793969069
-22.091256028,-4.41768826038
-17.7216896858,-37.0210401922
-18.5130413215,26.1081918581
-2.60347491711,8.61786613916
38.3264536733,-15.5465806723
-24.0424765424,-10.6079417056
-13.063475989,25.0422514784
38.0421602684,-17.7410700907
12.9040105328,-17.9840312892
9.19706494938,49.1858216873
-9.45193387013,-65.5790008777
-34.5899631371,43.8970841048
3.49014743349,-29.5874445468
-15.871243753,-25.2607185881
0.933933674833,28.4977299064
-49.9527097424,-0.0135060504474
-47.5603243716,2.15993314934
-14.2879846881,-86.147009946
-37.8985256627,40.6147863023
12.1062443926,69.2410802307
49.5682401629,-20.2589747264
-13.0385081063,22.7133776871
31.7476377549,28.9970639113
-8.35904501507,1.75362538205
-5.75994629817,-11.8964212573
-7.50050279881,-92.1248164239
-15.2343838933,-32.7915613953
10.4184960864,-17.1501169418
-59.8505368011,13.0778480672
-18.0958499357,8.25848084332
-4.34957108648,12.1762774215
46.985136973,-19.2159765276
19.0858411137,-12.738462635
40.9331184483,-68.2382148261
17.1869814265,-10.6895654331
-1.575785969,-7.78832762724
17.2955681333,49.075340277
-27.8753849472,-13.3532315157
-41.0264291684,45.2165983244
-4.10696638573,-22.5524783556
46.5362326004,-23.707872267
24.06773153,-13.8239275976
-38.2001194526,43.8878208315
8.18275498129,21.185841143
24.2342953026,18.6434946977
21.0869339196,-14.5877219666
50.6919242477,-12.0399244538
-12.4165958388,-7.73049143978
60.2684043615,-19.0604722972
-5.46876114144,-35.3275335634
-35.895230732,65.6103744629
3.11089813351,-20.8823775069
29.8208929307,-34.4970064505
38.8585903532,9.67426970909
-4.94080907694,-30.4622102131
2.62893726469,-37.63254835
-30.9095329412,58.8396828187
-51.8135087337,31.6603202096
-3.14822674764,32.3767720559
-6.66119171708,-28.5526071066
-35.1097579296,34.625586348
29.0103447662,-37.4017998215
-9.41420156988,-36.2740959034
24.4691613932,-7.76520651913
34.0429365714,-65.3909761948
-3.82448850604,50.1742124084
-5.79293767123,-29.709243872
-7.60761186473,-40.2229996776
-20.7667597532,-33.7171458223
-13.2930455636,4.33803949812
-11.5068069697,2.65526877727
22.699470796,38.5958642966
2.4169236385,50.2002442084
-78.0353326521,0.823920192807
1.06080034467,26.2414277351
39.8872850926,-73.24138725
39.6200496449,-16.2424744496
36.8697549078,-14.6266913645
-45.3503120008,5.143330878
63.5867127225,-11.5067417993
-32.4329217917,-42.7337455444
38.4985890475,-13.582067005
-61.1085283483,33.0800296944
30.8289069326,-9.68912550562
-59.2443571624,10.3928446071
-13.8588791783,25.3473178942
-34.6862124805,-15.5009231362
-6.99172694873,-38.8297411525
23.0351313303,41.9581792099
31.4107889645,28.2439937648
41.2650645748,-15.3564308073
-4.58277253916,24.4146389188
-49.4005565757,7.34800074763
7.53766968915,27.8402461894
-47.7097351512,-0.868612099591
3.66042803594,-100.134129326
-35.5975775136,-12.6728073138
0.615558590869,47.2501046191
-48.8920956115,6.6190413999
21.3749614919,17.9152601399
-14.7835058175,-90.8922666802
-51.2177551907,2.58294372687
4.25681218507,-28.9614757927
-46.830312161,8.64722719618
-36.438783508,32.8571538894
-20.8819198686,-9.5177277834
-23.2796646096,-4.76859238668
-6.21216803408,25.7079090691
-29.3990623934,-51.389536348
33.2984290759,-35.0854091904
11.9399898726,49.1578995949
39.0701772565,-24.1424760823
-10.4508396951,-19.8009175023
-11.1429204115,-0.114061446043
-19.1039292286,-1.01509893804
16.4144552021,61.4908192499
-75.9728458197,4.32290036664
20.2717425641,15.5888186581
32.6533508527,-33.4901454953
39.2835324849,-57.8245158446
-58.9146316136,25.5517249844
28.3094385594,-35.8234908034
45.6302476789,-21.5882199278
36.5622453211,32.7300652089
24.9421940399,24.9819984259
20.3255022826,-12.2171463131
-2.63000415336,-8.76381976013
-5.76482346256,2.53860003328
22.4597377513,-5.26343353935
4.7524131445,71.8497107364
-13.28624122,-7.79029672802
-3.43053737552,10.5428554254
-20.7314697284,-6.70103210031
-17.352788015,-65.9372021771
-17.6438374229,-10.206377223
70.8151269438,-19.802076622
-46.7986853638,-52.1091769697
50.4877048281,41.9202178981
44.1724284144,17.3219193436
-23.7952502885,34.6672425058
-9.17639497871,8.23738030113
-12.3383333084,1.0694843297
-24.8146166666,-50.4461979437
-1.95874269897,-101.444191312
-37.528432714,-44.3441024523
-21.1719286719,68.7658191459
-35.6023936304,-15.7148969145
-47.5066996892,3.90740324154
-7.07717167743,-27.7833093046
4.85777795104,-101.22469556
-40.5959173038,-47.0695468749
-14.8003985952,-25.6531873113
24.8459182001,29.0483176368
65.4471207411,13.4934865304
-6.36578541041,-92.2726464849
-39.2048117873,-59.4377075041
65.5905262105,31.5722074329
3.03099832097,30.4622711078
57.2729652139,44.391547968
-6.04664087289,-31.9550054501
-3.37896657183,-93.0080425401
20.8709836578,41.6529573001
1.42587000482,26.6031469154
-36.5374575683,66.2335661998
-7.39612868301,48.5151493361
-51.4127252919,1.89353456519
-15.7900138585,19.5977555451
-6.18873303566,-101.768682917
62.6090245045,35.064384238
-9.43959494073,-11.204118788
-25.515360669,26.5897253324
-14.0235870553,-21.6651181625
-22.1537675402,-9.35761761718
38.0676789466,-72.0578904501
-6.59170938107,-33.5149139762
36.8897209573,-70.5128111405
-16.8178253443,-8.01770908438
0.828238384932,-21.7621129888
41.1146031,-70.7185834323
41.2526001132,-58.2997712091
41.9056363964,-69.452505728
-10.1710008206,48.7043353516
-48.4126807105,-56.3097198481
-11.2876739834,-12.2775578243
-32.0819116455,-43.3683969066
-3.66663051265,5.90054995168
62.1399623539,3.87369193021
-10.2831464687,-77.2125479426
-17.9638271394,-70.0045272755
27.8540208526,-63.0166541527
-38.1847402505,-46.0625106538
-16.1505780637,64.2511880298
-58.9892504791,3.2735983144
-7.3842388939,-88.6330690243
-7.97702494303,-37.0195461463
-16.008415053,26.4649717711
-56.0107559944,3.53676081592
59.5095051247,8.71544460923
-67.4756143183,4.98983527795
67.8317477683,-6.24055102457
23.0468632048,-27.2632523202
-78.9113541638,2.56353950516
11.4724219501,38.9696364819
-37.5627497769,-54.9455890688
-19.8150809548,-18.4271920978
33.3802141749,-24.9400995661
-2.23598356212,27.3377771107
-11.5773263086,21.7046230694
10.3552155198,69.8250525854
19.6681369917,27.944851945
52.762523636,50.6242762761
-21.3176139422,7.29233049457
-33.5214138009,-47.8510045808
-16.0723034448,25.1747113609
-14.7488258565,-26.2182452777
-11.9838044903,10.5076349017
40.2434800346,-63.291653694
60.6355414102,-4.18174823082
-63.5686091523,5.50787632198
-11.1638117785,-73.9405680401
9.51741449178,51.8681431856
-8.87903493723,-26.722493982
-12.815707398,-1.26416440089
66.0350105988,-14.6228800485
60.0665213583,-7.29456337485
77.5556304986,-23.150337003
-32.2512398118,38.5359234494
-29.5814286752,-12.3348689984
-9.99848040601,49.9402532449
36.826879331,14.0057189781
-75.4066901602,3.28837648878
66.7652419556,-10.6672373902
-2.83661211356,16.6267031521
-48.8818765675,-59.1420146088
43.5703766003,41.3999144015
-36.7914396165,44.768558401
10.3733693787,75.8179224342
64.1547093358,35.5582599789
67.3486956276,-9.31906306786
-20.7265183164,-87.5280560503
-4.48358948241,45.6142024238
-48.1783895806,7.78556667331
19.4194166785,41.881007789
27.5797402543,-61.8066781345
-50.2473115369,-59.0061956261
39.9911050235,-68.609398523
-66.4079310204,-4.91795266565
-46.6274437487,-53.4496817653
50.6052342163,31.253894409
-16.1258339886,-69.1629744079
-14.9940552217,-64.3164924884
-2.08802070748,-93.9530183466
-12.7381041397,-5.58391950386
38.9838397067,-73.3209091573
58.8216928711,6.36444138914
44.7570069929,38.6233689251
-30.5296306537,-12.6024483964
-47.715930571,-56.7241596125
-42.6065481748,-56.6101783689
-37.7061793139,-56.1893205644
-13.3925057096,-82.6748524726
-48.5211865274,-57.3889880441
-25.8464604591,-50.5816269624
-5.99495377314,46.9061512661
-12.3900481416,-83.6396687062
-14.3222986032,-81.7742842987
-11.5125032997,-84.8243686209
-50.1155755357,-56.8149724488
29.0853258981,20.0164727063
12.2396900446,64.3225349534
3.99559928776,-102.134183465
-40.3872892751,-56.7104750902
2.61664927495,-100.163799336
-34.7054543759,-45.070982023
-11.3367458716,-85.7112244734
-29.9744758717,-62.9225016161
-14.6109742532,-62.7299942084
-1.02430111448,46.2657620072
-12.2170516336,-65.7372186898
31.1376045685,-36.8946614292
75.0863077569,-15.4142271502
1.62611949221,15.9551045741
-67.8487369851,24.3616686605
49.3170687375,-7.80562257319
-7.33403087837,-67.0276425944
63.8324653116,15.6547317321
-37.8646506939,40.2437812345
-14.777819263,-98.595074148
34.9914086314,19.2940725342
-65.0272179101,9.52961003853
74.8075728954,-21.3017221895
60.7123559116,-3.23510929139
-0.0675433529006,-102.965959062
-69.6404008174,-0.62418263086
-69.154936616,-0.725443996207
71.4200149757,-11.1874197987
48.8012491927,15.1437186281
-14.4373946176,52.0793406403
-11.7151726529,53.945514325
55.8058088055,45.1007683701
37.1888883548,13.6727683241
-47.6528157909,26.862415637
59.3812983396,19.0000045226
36.9511912003,18.3067774782
67.320584003,33.9207362041
-12.4972568735,-36.7974125434
15.3806797482,71.6637272194
24.4287499848,35.9952672455
2.04985854088,62.1865983143
53.0888650986,50.3971136678
12.8217905094,37.5792440528
8.63815157742,50.6309055049
-25.3423126827,33.0639755526
-8.25558901779,-11.2297354722
35.4712066932,-59.8443997408
-31.4435152022,-42.2455213464
-24.096761033,-15.9207754985
-31.7157981266,-53.8038778142
-13.4968231895,19.4336315362
-37.1007082469,-57.7848499226
-54.9184244437,-58.0269059217
-7.49011277688,-82.0826425679
-4.9181175548,23.6456663089
-21.0110836898,-88.0655042181
-14.4384304102,-64.6525316698
21.8160010329,25.1883068309
69.3773665574,-15.2195738998
-17.3775841629,-64.7521006648
-20.0742484516,72.0192156129
-18.3653423087,56.458650005
45.8739755842,-22.1956198962
61.0429482215,32.4304696602
-38.2067167305,-45.1528047029
45.7907422247,35.7595459373
-18.472038748,0.677605504555
58.8648943451,7.40561142218
23.9611280664,20.3162026441
-31.6772458719,-57.6488013647
30.5594760082,20.3214909459
-27.4178215515,-11.5705861882
59.3750588282,-7.29839820575
74.639804122,-15.2335993106
65.2168085457,33.9572036156
24.0410826512,27.734522955
70.1640206602,-8.13122283448
49.9720367309,50.131671921
-12.1022141239,-99.3311007467
-15.4730764659,-88.8522406075
52.5267510085,30.4981836378
62.9231218064,15.5857874235
58.8692244606,-18.9834960356
-30.7482553781,40.0557477666
0.275174998497,-96.8607677952
67.7064725161,-8.23897942334
45.7299379659,-24.2083222937
69.0851883371,-19.0093812144
44.7870213189,-22.4237941285
79.4791313327,-22.3678895224
22.3400855234,20.1747092163
65.6927134046,29.4627954124
76.575449724,-21.5094172935
68.1060020102,-7.27636614822
-24.0892831179,33.3929183002
65.3728067002,9.21018963328
43.5622615453,41.3875139249
-31.5200040777,-44.1505727361
60.6628311782,-8.4777219242
61.391253275,9.33823931268
73.8550300021,-20.5465738961
-33.5090026664,-45.7216835207
75.6410829003,-21.9761034777
59.4948206861,-17.5343937545
2.01098943749,48.9656625405
-9.38326875679,-80.4962450512
44.2817823404,-21.3230439112
38.2703529633,-63.5377169761
-13.2023664527,10.1706382648
-36.2734925956,33.8098165739
-52.4859246512,-57.4927432925
-30.4832211159,-44.2806232534
42.2272022462,-58.3117590047
78.6753774982,-21.707727708
-46.0610263566,-53.1724155394
-5.06461301134,-96.2084134581
29.0191453625,-7.6344636449
-53.96799005,-57.7677957924
-29.1761658918,-62.8402837434
-10.4671384702,28.3922078032
-48.9024198111,1.99250544815
30.5621529135,-34.6404086049
-67.4371426043,-4.70778671651
-21.2500960938,-67.559986906
60.9167649544,36.4178983541
78.3784491593,-19.5901845858
11.1177407632,70.8343561718
53.3529384489,47.1261738987
79.0364706554,-23.3364496093
-21.1808210717,22.6130042269
-60.4763768386,8.84740954286
72.9914274645,-20.7007309252
-36.3425394975,-57.1113243732
-29.8636277404,-5.3213490725
64.3872692322,16.2349184643
-30.7864784544,-14.5208569463
75.8595733124,-21.177236633
-16.5056938118,-67.247322556
60.1966002094,-8.09279389632
-49.945365,-60.1505800249
52.4370305319,49.2756657332
-16.3058637695,-98.9238416346
-30.5963851336,40.668585605
78.8050267838,-20.7632835334
75.6209734633,-15.1532880944
11.7645530957,50.3260312238
9.11183064563,79.8740210291
59.4931322545,16.1832942226
-32.8811834868,-60.998612898
32.6164435161,-38.2290742255
56.4016972738,44.7801293406
43.2843827041,52.5722670176
39.1614177032,32.8297532408
78.4257158843,-22.5524839972
-13.6899415504,-38.1649355448
1.39853025435,29.4974609895
-3.10251381425,-95.0767362285
-10.1224690438,-97.3238230516
-14.6800086264,-97.1826445885
50.945934608,-19.0132931541
-33.2421062171,-57.0017348592
-38.8883385786,-45.0496317737
-13.3307531777,61.8711600919
25.7547511036,-14.6440548258
51.0755101554,-19.7008303287
59.9259627371,17.566943196
58.5496701643,16.3575665314
-51.60974297,-57.0245644501
-31.0655226787,-63.9061217934
-30.7129342785,-61.8934201288
-4.82693033552,-96.5168548038
-49.0283125235,-55.2941475389
69.7662292744,-14.4606597996
-51.1747860715,-59.7269902156
32.7431114072,-37.0971968217
69.5413512433,-14.6224898732
6.10516034396,54.7460844297
22.7617004767,15.7855065128
65.1249342731,31.0016800943
-29.8555299115,40.8811499061
59.2737870789,-3.92144770136
60.8714503855,-4.32933642151
-9.51943273241,-98.6153539428
-12.0574053123,-98.7178381603
-24.1992671325,35.3551884136
10.1033082493,73.7691226178
39.41188743,17.3054445233
64.488657452,9.66694027632
17.7136519876,-13.947438873
17.3409590603,51.7233254462
-7.52906388328,-68.1864506197
-31.9924406818,-12.7853904585
53.6586610894,45.9863248487
75.5398753747,-20.188188926
-30.442588941,-8.67673511564
-9.00180730536,-92.4315853587
9.47194308688,73.9548325262
60.7203472844,-19.0908243441
31.0766831379,30.2766376595
-16.3175109052,-90.144856111
8.5657061324,31.7217618357
67.4399488009,-4.06813402725
64.9267654741,34.3640315576
-17.0168986315,-68.1351721966
39.4446004728,-63.2101087043
1.93294617951,-100.698322599
66.0451118377,8.43444394837
33.2528347891,22.3541247115
43.7350576735,52.3677552684
54.5311565799,-8.66153959494
-3.65683078617,8.06364918401
69.0345982625,-7.4639581688
-4.83930750619,-88.644277929
44.6822405042,51.9316957745
-29.6524323388,-5.75480549907
-18.8048676268,23.1576816137
-65.4497806574,9.15370034088
-1.43370966121,52.4387035704
35.4683823327,44.3355633034
-70.8975218539,5.65439769985
38.0207084994,28.2561200446
39.2437347455,32.5113949823
52.6929710764,48.409533346
-69.1759347631,4.750996238
41.1077862475,-69.2205429312
-25.6488727026,68.8521092642
-16.6816965568,64.2757239692
0.686313666453,-96.5709726981
-4.99551153325,-88.0711352628
-5.48386700906,-26.8057344743
17.0556212466,62.6840279631
77.0296368527,-19.6713758341
65.8103841251,28.5654441184
22.4852080601,8.87911871804
-14.5251073463,69.030712007
-60.1752657377,1.67530184838
-18.6660692487,-37.4853747185
-15.0982344413,-71.14097231
32.0172596,-37.8631616169
-30.1493120046,-64.0168789787
-40.7931495154,44.6570719412
-1.45368973125,-100.077759415
36.2226598462,19.806206439
-13.8602299053,-98.606334217
-17.4876120258,68.6406819891
8.61010571695,45.8201018249
-0.700438191179,-100.119727442
-45.6950737597,-54.4443600761
-17.6075434495,69.3491762156
40.8610745058,-75.3088392265
-46.0520023268,-55.5916046068
15.2311767828,41.218831757
-31.3360838963,20.3113692381
-20.9241187048,-7.85282242466
-8.36811938965,-40.0144929272
-16.8487626694,-71.8859135348
-24.5479081186,-17.2690301837
-1.27479574,-93.4092171579
63.8567407552,32.2075586324
3.00914074246,23.4111255738
-45.1012459009,-52.5868582305
49.8696190568,32.704283606
-4.21320674006,-7.87985651866
24.7547567119,23.2620762497
35.4092838391,-60.1807846739
42.6031954818,52.9205281086
4.30436734834,-99.0079587282
42.2023454015,-59.4859774129
59.3640099134,6.13753216155
-34.7591924102,41.6918227486
43.3254069434,-57.4739455405
-50.4642747195,1.31254115204
35.2418452407,23.3866705019
41.0212117113,-74.3884607414
-54.4953018398,-57.1503959093
-51.8168225135,-55.5821521633
-38.041409375,44.9406167153
-2.33385100609,-92.9250757232
-23.826114675,-16.8825857976
-30.5120333359,-6.87535515788
-67.0901886205,-6.02054365213
-32.1985492356,-14.5598901533
-8.5037336212,-100.495883133
55.0306555474,-7.45107959497
-33.8404344206,-61.9984311476
8.67417380487,68.9351161671
15.6586573542,39.1022673259
-76.8084154377,-1.85488615604
77.2367134112,-21.1888771189
-28.8343375604,-63.7469548703
-14.3170384133,-35.7052181791
-0.688816820631,-94.7377956756
-8.72516278845,-99.9247223634
-47.4204553171,-53.7548669165
61.5837053957,32.6367975477
-52.7695823481,-58.4739449919
-53.3721798336,-59.9794151512
-21.4976772599,-9.81563154613
-5.3710927588,-26.233935917
-9.33308696377,-97.6970083166
39.0113149759,-59.6469168737
-13.7954736252,-29.0340825118
41.2561447328,-55.8156297728
38.7869236412,-69.7867052097
-44.10780316,-55.3804944387
37.8687464554,-69.3623383864
-44.3080652222,-54.2600071226
-23.8198357578,-64.1459383941
-18.4421511164,-71.2479581007
-19.8284771097,-16.3565716581
-5.49071678334,-86.4452662608
-4.88989925512,43.5148177541
41.4743632959,-72.8559184452
-26.714325034,-12.3737875014
-8.39355213376,-38.7032084619
41.3384600098,9.07770012527
67.9201267093,-15.4521740115
-24.5309034927,2.05431178249
-24.5714787672,51.9686505204
8.42061505464,70.0652021394
-24.9692397254,35.1917437499
28.4684169232,-63.6902165672
-5.30693229169,15.0620056781
-10.9089461872,21.1814725978
-67.8619583393,-5.30332192946
-48.0561105166,4.85495797549
-35.0156153045,26.3272661596
-76.1608688155,0.683657400558
4.95663219476,-100.204767463
-53.9930533775,-56.5256388567
-13.6620709578,-36.4684696044
-20.8817087064,74.2219752703
63.9809214574,33.6792025756
-59.5795324011,10.5835903451
-6.1643197095,-89.8389176675
-23.7629926522,2.48722685625
40.8711970256,-61.6719001756
-5.47663335662,-42.1646054447
-19.697168021,10.6476944219
-31.5199750048,-61.4265020622
-49.7811430173,-59.4590258861
-17.9581125244,-7.97919517724
-13.3207948501,-96.7707663952
-40.2549018753,-48.0096687911
-29.4257929902,-64.2663799086
-33.3976429376,-13.4587815072
2.15200207898,-98.6014819782
-6.18253809891,-84.1905623763
-14.9683853908,-68.9533195389
41.4130829422,-59.4412012292
59.434555986,8.67724377599
30.8786038184,-38.6261139011
-2.49844948683,11.1186093989
40.7061262281,-72.4606149995
46.6404786211,-22.4244688494
47.0446452628,-21.3513392426
34.4801685672,-22.5848891157
33.2777026121,-22.0593188071
37.7162761449,41.2715567124
-16.3034898928,-98.2826487369
67.8440493613,-4.81545503556
7.79277953066,80.7034966874
-36.1241176012,25.8904648322
-29.1872903221,-59.2272921708
3.36736968638,-101.101857185
-35.884841043,-47.253291784
39.5037495534,-72.414700024
-19.0558859377,-69.7014881106
35.7648577881,36.504263481
42.5683792884,-70.2540031989
-20.8366112182,5.20087474424
-60.0085080682,2.24276882567
10.7314576088,80.2286168253
-21.4631479394,5.16163621547
9.80142468364,81.9933124665
18.6919304647,-16.7928574343
7.32429622717,52.3726846535
77.9834007398,-20.0454159423
-14.3024078591,-81.3193531532
-29.6467125637,40.2990879817
8.57847392075,81.3052090102
-21.036551078,69.1906171344
-12.7663749694,-81.0568895797
41.9742596976,-68.0014918867
40.8540371643,-73.3257917698
-11.7021532546,-94.8641516687
-37.4218280613,-47.6210617866
-49.8326185824,-58.2042037987
-46.9299110174,-56.5065327718
-5.21362148727,-90.6795239578
-53.3268312063,-59.2934489222
-17.4880404819,-37.4661323849
6.17946117299,45.3585198512
68.0675849644,-3.67645988887
-12.8527005744,-99.3010027423
-37.0786284365,-59.0521875337
-14.1010623952,-85.221265866
-15.1382511215,-23.1894591164
76.5354500898,-22.7031120615
-19.8054581231,-67.1205371268
-20.6910511724,-66.8433334639
-15.3883556369,-95.8689688112
23.5403682795,-25.8673070621
58.0623056206,-12.9836616997
7.20148431669,76.4375826824
-6.18988035144,-27.0854875797
-38.6298095782,-58.1313492506
41.8871884697,-74.7282586782
6.63313224715,82.2245804961
17.4798949397,27.5423475962
-33.5240834516,32.0846558502
-75.7810003085,-2.03553103726
-63.8062356047,6.13994427488
0.806049430689,15.5918686684
-16.2017594151,70.780528097
-48.9649684469,27.5861693148
59.9336172584,15.7595139328
49.8204752151,50.0661380028
-18.3249509412,65.2073774793
9.68354100185,80.9683552696
-12.902482838,-10.7106003985
75.680776972,-18.787420724
35.4854615837,44.3219079518
-1.49301843699,-101.642801933
19.718261393,27.9375042386
-30.4732290621,-11.9891021021
-20.2923062653,-10.6154722053
61.4231464678,34.3822437606
17.237965286,27.4892882564
31.7396271056,15.8321987722
68.9929467994,-5.80819870165
-40.1893561795,-45.6890270571
-6.10224957311,-102.60168024
21.4250143596,-25.6687155867
-31.9766448062,-62.3578455859
-10.0858776138,-64.2316701325
-27.1739781973,-50.9242891552
65.2287474028,35.0975708529
-0.782867024797,-99.5028274242
-19.3629133773,0.668059579198
74.2403012198,-20.2061686386
10.7024820804,81.3695523613
41.6275046576,-64.2008884189
34.8754244702,-63.7965286915
39.902144876,-71.5019468059
-10.8999290089,-75.454335604
-32.9826408269,-54.1396232396
-32.8563006441,31.8003839297
0.881107611715,46.0558451314
41.9001802007,-73.7529182755
-59.1205943492,24.4336914441
-14.7702110978,-84.3309418161
35.6473842069,20.5807634854
8.86389567272,70.7593072415
-10.2547053793,-78.5618510226
13.3493991683,42.4425061208
-6.50723162085,-41.118403623
-11.9252962117,-66.3417202556
-16.3182860267,-25.064307801
-8.16702297966,-79.9831035086
38.3241926621,-58.4037803092
-38.5261496873,-47.0201372218
-30.7570019788,-49.0227317145
37.9401517961,13.1743196573
74.1222487787,-19.37924569
49.3323226955,-0.533588418324
17.2186683925,-11.8852685843
42.2356634864,-68.9384499885
-22.1837529388,-68.4112930711
-30.818248043,41.6907341607
-33.1544224715,-60.2392946609
-13.3334432227,-11.166799954
21.8207459738,25.170442118
-34.2586996489,-58.4113271024
-9.02241142185,-84.0937628879
-1.50737944954,-94.0689835262
-14.1042779648,-9.23394145701
-7.18870525892,-84.2506370735
-13.3249533344,18.3281532115
-32.8568397043,58.694490625
-14.3795797501,-7.54133110532
-11.1028254583,-80.6877275364
-36.6935254754,-45.2320187248
-13.249943628,-68.8303074253
-9.72122726692,-101.037145107
64.064743918,15.9552068125
-12.7234379334,20.5871427108
25.880349762,22.9266462763
-7.76286720975,25.4051138964
-16.4226165354,1.94509243678
9.74317513183,-19.4656321766
-6.58262409655,-85.3452565001
17.7382935094,27.5945673015
41.2998066405,-60.8485568917
-47.2400978707,-55.5234306122
17.2700030698,14.5275351846
-14.3089454776,-30.1606405228
3.35472196847,-99.410919238
-55.3671586807,-56.8584069203
-10.827760333,-77.1965491159
-7.81503202956,-83.5804704151
-13.0755175024,-98.0197145526
53.353194368,51.2486581419
-12.2485873958,-73.0871179334
-6.52417903149,-83.1982345177
-18.78491289,-68.5734161631
-36.4884388658,-61.5666472072
-16.4454965346,-70.956148968
-19.9323882853,-70.5181232129
-20.1272149814,-64.8825654221
-30.9765270149,-62.7758900245
-50.8221033049,-58.5477034301
-21.7724949975,63.5023166532
4.93919133005,-99.3750751802
50.5046505624,47.7062981677
39.6797432584,-56.8757898187
-46.5628917707,-2.33432900217
-19.9482957882,-6.88919696771
-9.25481223482,-75.3367379742
-40.2023510674,-57.8026056723
-5.33063227253,-91.6386000045
-8.53145028905,50.7274484863
22.7862597283,-6.4111983144
10.1261422645,76.979298985
-21.5970699387,-8.28172541039
-10.0447773078,51.2660963534
-13.6358399934,-3.84455525547
44.4012021324,37.9894140111
58.5548321218,-16.5601377519
-20.4558638843,-68.3103992573
4.06351281933,-100.64375752
-31.6905983618,42.1206504304
-44.2785597919,-52.17085939
63.0945894994,33.8063182132
-5.15479263542,-99.4234271861
49.4720343115,48.336673995
-39.1493478653,-57.3720369947
62.935821088,-8.5457473881
-14.8222650303,-31.2646887902
17.0849840223,15.782423332
-7.75479297807,-81.1383237045
-9.29011265133,-77.6741727905
40.9891343539,-66.5389969309
-15.2834407998,-71.5447760307
66.5710301172,33.4416539519
-9.84371205179,-76.2363768894
28.9266428426,22.0520710743
-4.16652814258,-94.5511013067
22.1705150334,-25.7843037231
12.6490184969,48.6928781717
6.90264223331,83.1347613706
-11.6803377133,-75.4113326758
-19.5266427687,-18.8202983109
-47.8726292667,-57.909772787
-53.9474043168,-58.7058350025
-7.36961005869,-80.4644431557
-31.1699590839,-13.9069306376
-11.4302472726,-76.106806219
31.0871998047,16.9364503217
17.5619737209,46.5962878551
-25.0403060816,30.1235317112
-1.24807754202,48.778521644
-4.52028104461,-89.6236986244
0.496112852542,-100.374395865
-73.9132208475,4.34371700161
-2.71852540526,-100.541229868
-20.5700627194,3.12735581978
-37.5739194417,-46.370163504
-17.432009115,1.77771055453
-23.1497318417,26.436813587
-31.5764994063,-56.6647731907
-32.2627950443,-63.2731009792
0.648261921046,-98.8458697372
-4.70433859395,-92.113348101
-34.1623599087,-61.1792012774
41.792683664,-62.0931593632
57.583803076,-3.19472757278
31.9441295505,15.7054969654
-24.9335499974,-59.851595792
-16.3627854833,-7.24623218718
69.0496009921,-8.55045769498
-9.0621723317,-81.3912554949
-24.9121789944,-64.4385021503
22.5017939878,-8.7981863116
61.8853087447,9.80173529364
66.6196461899,34.1349692205
-8.93492268197,-39.05429825
-68.467640314,-4.83045622799
26.085311188,22.1135418085
-32.7901827398,-62.5310971029
-13.0771624158,-64.2026165813
-15.3586769098,-95.2809841596
39.0194602862,-70.1814471178
27.4683162086,-63.5188984715
42.259260594,-56.9870720884
-34.9015105941,-14.7247447182
53.1076307785,-8.8357905982
-45.2049123837,-56.9978816263
41.2809266422,-72.0084992192
13.8188136875,-17.8466246365
-71.5671179362,5.26457108476
-59.1538704158,4.66507576379
65.6333239483,29.9333391813
6.19470298537,75.592031434
41.6366939351,-57.1098745191
-29.7588093818,-61.5716758935
70.0322730956,-9.47692740017
-15.6828055997,0.763843821665
-15.8730768767,-97.414591995
16.371666502,-15.8404688355
-17.1215877843,-66.3762355177
-29.0221260082,-11.6795838369
-73.9862084813,4.99422098182
3.31258892125,-98.3713772981
-38.9188397894,-48.2212103586
-32.9663193943,-14.3484773262
-16.9580623544,-69.0154873126
-29.8989232774,-42.6992365609
71.0706222017,-9.31207471959
-19.9649298665,-17.8071437068
-48.1914021534,-53.3010190385
-19.5820995496,-69.9249759926
-20.3301309038,-69.5230251603
-37.8135348506,-59.6619645613
45.7482177564,-23.4036981468
-5.81130557331,-101.6813103
42.9350023547,-58.485748892
-78.9833403049,-0.817123916526
37.2863513252,8.00210149908
65.6597485909,13.5458599031
-72.7152653137,-2.09190511409
-1.8555256364,-9.66771203491
51.9451352919,-18.8382835758
33.7717512779,-23.201679606
63.1202850215,-15.7416868811
65.050994988,-14.8194145432
68.8238464659,-17.9347065195
17.1341127287,-19.6967690104
73.4764296565,-18.599283085
74.204399249,-17.8928458274
-64.2354729048,4.76154192148
-60.7449314631,4.97140000293
62.4577649323,-13.5778867305
6.2133401129,20.5440779892
7.10423196844,16.5279991932
49.8675901063,15.2761713254
61.509374528,-11.1125808074
17.1299063358,15.4320323763
17.8677756978,14.6562818243
6.50584574278,15.9982300789
16.6928062601,-17.0287113705
15.7630462684,-6.5145770338
63.6087463382,-14.2175863477
33.4268417324,15.4151977769
16.4752556072,-15.40922311
-1.11828217497,-7.55862300193
-65.1876810852,-3.47972530945
49.8382938254,15.2920816667
65.4939460321,14.2352892669
21.9694310851,14.8931683968
-46.396632699,-2.54708792825
37.3690046639,8.06670744532
61.8911881889,-10.6431148717
-12.6159473984,-84.6089927221
-23.4784484098,-2.73326531101
11.1037470839,-18.8422235917
55.958532943,-12.4070533107
56.8398097232,-12.3666311641
50.0930963725,-9.66724620733
10.7446154827,-18.4871446413
49.6184243572,-2.74738525498
57.8073579562,-8.19171827586
66.9760623685,-7.63422989469
55.9979965345,-12.4278861794
49.983604382,-1.72913371682
36.3875321374,-64.5249597509
36.640010531,18.3064681907
10.2732377389,34.9790074775
-7.48089443754,63.5216839498
11.5978125147,31.9298285581
-13.9637006073,61.2750015079
38.4841004871,35.6369472099
-36.5667895457,57.7878310986
-38.1233576011,47.9116636896
-25.4062720683,68.3011229794
21.9867786613,49.4822597686
69.2025220687,-3.4599464892
66.1008528761,8.39402336041
10.2328160836,32.2481100994
10.8740084115,41.9841059966
-38.729077921,49.6383820466
-37.9279878541,57.4735333837
-36.6004501237,50.8681131964
11.4324538943,42.1358890193
30.9631800617,56.4299335563
-17.7291174684,59.8751208453
-33.3137533006,61.1380423799
-61.666439347,7.58775023166
21.7708647708,51.9482163792
-43.5759773782,4.08237705347
-13.3510521383,60.2724410324
-34.6142658386,52.3918825446
-11.7553052863,62.6359500468
-9.84312168716,67.9554327735
-28.3389656233,66.4496066149
9.63139275546,34.4990946969
-10.3395414063,67.4417166777
-29.5681658968,35.5214047811
13.7776273313,62.2204694774
-7.97654580574,64.0684073467
4.55086334104,53.35570504
-36.9078401349,42.9701076743
14.9015182469,61.8628140875
-23.6326165798,52.5867369936
-2.41811935685,50.7589582891
50.3209841944,-2.15854053709
-7.08010519519,63.5840781725
-59.053439508,2.29605627905
-13.544519972,72.7178269674
44.6710483847,48.6768489007
28.3252979504,20.4506614627
-35.1323682698,59.1041902909
-16.955808439,60.3645585813
-80.0061591695,0.472522004616
3.22712784228,64.2101282704
29.7627139611,39.4713847188
-25.0651921077,65.5002128503
-12.8741439548,62.3784870833
-78.4365061312,3.976900573
22.6937521639,50.7274556548
-49.0851177564,4.36871123389
32.3831370609,31.8755576136
-6.50270178736,63.3988352238
26.0690173489,32.3138019747
23.0559670406,49.4835038596
-40.1186783537,37.8645642388
30.8902195442,39.8763933836
-34.4862611459,59.1412892192
-38.7660316055,49.2182758175
20.7840552303,51.359061111
35.7350781385,-65.9158419244
11.8548294372,43.3377069615
-34.6656653926,59.9464035116
-67.1452534063,22.4490774735
-77.3272898932,1.11420705817
-15.26797407,73.9158980379
-16.3312907672,61.2335249925
-6.57432440183,53.6879372066
-66.7068044092,23.1418256993
-33.4188065911,54.9423729596
24.3660397447,42.2331426507
4.30165272805,53.2778643579
-10.8494374106,69.3705920067
-31.9850050746,61.7614915742
-37.8454187073,49.634455236
-33.7524715222,54.1285061517
7.35036333905,77.4603964938
-25.2904401386,65.9873722259
-14.4842714602,55.950098952
-10.1452363957,64.2328896327
-13.7104528225,72.7896930994
63.5236895017,11.0052592087
20.0652508952,14.843827654
23.8329898898,49.8592607054
-19.1587201832,60.8892806794
-36.1784566433,67.5713178148
-10.2200423228,67.9433136878
1.42954861021,66.070360884
-75.5682658101,-0.255117854552
-9.86034453023,64.8311544372
-11.0244061915,72.3533729984
-19.9086882994,65.2863688924
-59.1549714547,7.79889584483
9.9215941803,31.5514786374
-73.3966443188,1.48377427712
-37.010442894,68.2255969843
22.798239783,51.8300788018
22.6150096748,50.6994261269
49.8761670159,-18.9781473328
-34.6309052556,57.4323758596
-38.1020192792,57.9975402098
-48.6751401653,3.22194173842
-37.5296579542,42.1241765445
-35.2691780885,59.7131804241
30.5990939438,56.6596027671
-76.7255989827,0.422544942703
30.841551996,27.057549876
30.9149054891,56.4269682889
2.17958495504,66.4015432734
-10.7677742096,72.4315371072
-35.6657173564,68.1602311916
-14.5994325617,54.8002150759
28.1906462765,39.5217029964
-65.4346204899,24.2919890957
-28.8075963383,35.7003507656
27.7964005068,39.3159043266
25.697915755,31.5756030143
10.2242101183,32.9418743192
-15.0529321352,73.9969315672
-10.0217895229,52.1422008462
-24.2951349535,65.2653250105
-35.6376808741,39.9678654548
30.1740362668,31.5179845435
-56.9020236758,11.4143227951
-38.625133013,42.5072553853
-5.63224157127,-6.50370413201
2.08053477831,64.5518719076
-74.0942242991,1.47125271899
-18.6634301061,60.6828300758
-66.1637805732,5.12806592222
21.0006477905,50.0479853486
-19.9822083379,64.4388027722
-4.57602839091,-7.7858989023
